{
  "products": [
    {
      "id": 1,
      "title": "Tormove",
      "use": "123, wrte , awet qwet",
      "composition": "somethign (500mg)",
      "about": "hkltgmklnzxfnsdkljfhsvvrhme tweth astkjawerhtlakwejthaeklthaweltkawehlt jawet jkawehts lthawejkt awst kjshetlakjwbt  awjh wektjlhst kjszbetjklhset alkset hklstaslkhdtzshSE Thjt",
      "sideEffects": "awrcioetytvoewt, as tt, qwrtqw,qw r,qwr wrq,qw w"
    },

    {
      "id":  2,
      "title": "Tormove 1",
      "use": "123, wrte , awet qwet",
      "composition": "somethign (500mg)",
      "about": "hkltgmklnzxfnsdkljfhsvvrhme tweth astkjawerhtlakwejthaeklthaweltkawehlt jawet jkawehts lthawejkt awst kjshetlakjwbt  awjh wektjlhst kjszbetjklhset alkset hklstaslkhdtzshSE Thjt",
      "sideEffects": "awrcioetytvoewt, as tt, qwrtqw,qw r,qwr wrq,qw w"
    },

    {
      "id":  3,
      "title": "Tormove 2",
      "use": "123, wrte , awet qwet",
      "composition": "somethign (500mg)",
      "about": "hkltgmklnzxfnsdkljfhsvvrhme tweth astkjawerhtlakwejthaeklthaweltkawehlt jawet jkawehts lthawejkt awst kjshetlakjwbt  awjh wektjlhst kjszbetjklhset alkset hklstaslkhdtzshSE Thjt",
      "sideEffects": "awrcioetytvoewt, as tt, qwrtqw,qw r,qwr wrq,qw w"
    },

    {
      "id":  4,
      "title": "Tormove 3",
      "use": "123, wrte , awet qwet",
      "composition": "somethign (500mg)",
      "about": "hkltgmklnzxfnsdkljfhsvvrhme tweth astkjawerhtlakwejthaeklthaweltkawehlt jawet jkawehts lthawejkt awst kjshetlakjwbt  awjh wektjlhst kjszbetjklhset alkset hklstaslkhdtzshSE Thjt",
      "sideEffects": "awrcioetytvoewt, as tt, qwrtqw,qw r,qwr wrq,qw w"
    },

    {
      "id":  5,
      "title": "Tormove 4",
      "use": "123, wrte , awet qwet",
      "composition": "somethign (500mg)",
      "about": "hkltgmklnzxfnsdkljfhsvvrhme tweth astkjawerhtlakwejthaeklthaweltkawehlt jawet jkawehts lthawejkt awst kjshetlakjwbt  awjh wektjlhst kjszbetjklhset alkset hklstaslkhdtzshSE Thjt",
      "sideEffects": "awrcioetytvoewt, as tt, qwrtqw,qw r,qwr wrq,qw w"
    }
  ]
}